{"cameraMode":{"drawMode":0,"name":"Shaded","section":"Shading Mode"},"sceneLighting":true,"audioPlay":false,"sceneViewState":{"m_AlwaysRefresh":false,"showFog":true,"showSkybox":true,"showFlares":true,"showImageEffects":true,"showParticleSystems":true,"showVisualEffectGraphs":true,"m_FxEnabled":true},"in2DMode":false,"pivot":{"x":-2.6925628185272219,"y":2.5379836559295656,"z":-3.6422510147094728},"rotation":{"x":0.36812567710876467,"y":0.5527467727661133,"z":-0.2964703440666199,"w":0.6863425374031067},"size":10.951117515563965,"orthographic":false}