{"cameraMode":{"drawMode":0,"name":"Shaded","section":"Shading Mode"},"sceneLighting":true,"audioPlay":false,"sceneViewState":{"m_AlwaysRefresh":false,"showFog":true,"showSkybox":true,"showFlares":true,"showImageEffects":true,"showParticleSystems":true,"showVisualEffectGraphs":true,"m_FxEnabled":true},"in2DMode":false,"pivot":{"x":-3.3980629444122316,"y":0.35758256912231448,"z":-0.04783439636230469},"rotation":{"x":-0.10891715437173844,"y":0.8646633625030518,"z":-0.21325895190238954,"w":-0.4416142702102661},"size":9.080535888671875,"orthographic":false}